Original_Date,Year,Month,Day,Site,Actitis macularius,Agelasticus cyanopus,Chionomesa lactea,Amazonetta brasiliensis,Anas bahamensis,Anas flavirostris,Anas georgica,Spatula versicolor,Anhinga anhinga,Aramides cajaneus,Aramides saracura,Aramus guarauna,Ardea alba,Ardea cocoi,Bartramia longicauda,Ardea ibis,Butorides striata,Cairina moschata,Calidris fuscicollis,Calidris himantopus,Calidris melanotos,Camptostoma obsoletum,Caracara plancus,Anarhynchus collaris,Chloroceryle amazona,Chloroceryle americana,Chrysomus ruficapillus,Conirostrum speciosum,Coragyps atratus,Cyclarhis gujanensis,Dendrocygna autumnalis,Dendrocygna bicolor,Dendrocygna viduata,Donacobius atricapilla,Dryocopus lineatus,Egretta thula,Elaenia flavogaster,Elaenia mesoleuca,Elaenia spectabilis,Empidonomus varius,Falco femoralis,Forpus xanthopterygius,Furnarius figulus,Gallinula galeata,Gallinago paraguaiae,Alopochen aegyptiaca,Himantopus mexicanus melanurus,Hirundo rustica,Icterus jamacaii,Ictinia plumbea,Jacana jacana,Laterallus melanophaius,Megaceryle torquata,Melanerpes candidus,Mesembrinibis cayennensis,Molothrus bonariensis,Myiarchus ferox,Myiarchus swainsoni,Myiodynastes maculatus,Myiophobus fasciatus,Nannopterum brasilianum,Nycticorax nycticorax,Parabuteo unicinctus,Pardirallus nigricans,Pardirallus sanguinolentus,Paroaria coronata,Patagioenas picazuro,Phacellodomus ferrugineigula,Phalaropus tricolor,Phimosus infuscatus,Pionus maximiliani,Pitangus sulphuratus,Platalea ajaja,Pluvialis dominica,Podilymbus podiceps,Porphyrio martinica,Psittacara leucophthalmus,Pyrocephalus rubinus,Pyroderus scutatus,Ramphastos dicolorus,Ramphocelus bresilia,Rostrhamus sociabilis,Rynchops niger,Satrapa icterophrys,Serpophaga subcristata,Sicalis flaveola,Syrigma sibilatrix,Spinus magellanicus,Streptoprocne zonaris,Tachybaptus dominicus,Tachycineta leucorrhoa,Tapera naevia,Thamnophilus ruficapillus,Theristicus caudatus,Tigrisoma lineatum,Tringa flavipes,Tringa melanoleuca,Tringa solitaria,Turdus amaurochalinus,Turdus flavipes,Tyrannus melancholicus,Tyrannus savana,Vanellus chilensis,Veniliornis spilogaster,Vireo chivi,Volatinia jacarina
19/03/2004,2004,March,19,Embu,,,,2,,,,,,,,,2,1,,,1,,,,,,,,,,,,,,,2,,,,4,,,,,,,,5,,,44,,,,2,,,,,,,,,,,1,,,,,,,,,,,,,1,,,,,,,,,,,,2,,,,,,,,,1,14,,,,,,12,,,
12/9/05,2005,September,12,Embu,,,,25,24,,,,,,,,,,,,,,,,,,,,,,,,,,,50,300,,,,,,,,,,,200,,,74,,,,,,,,,,,,,,,,,,,,,,,,,,1,,,,,,,,,,,,,,,,,,,,,,,150,300,1,,,,,150,,,
10/8/05,2005,August,10,Embu,,,,,8,,,,,,,,,,,,,,,,,,,,,,,,,,,,,,,,,,,,,,,,,,40,,,,,,,,,,,,,,,,,,,,,,,,,,2,,,,,,,,,,,,,,,,,,,,,,,,300,,,,,,,,,
11/22/05,2005,November,22,Embu,,,,,,,,,,,,,,,,,,,,,,,,,,,,,,,,,,,,,,,,,,,,,,,200,,,,,,,,,,,,,,,,,,,,,,,,,,,,,,,,,,,,,,,,,,,,,,,,,80,120,,,,,,,,,
11/25/05,2005,November,25,Embu,,,,,,,,,,,,,,,,,,,,,,,,,,,,,,,,,,,,,,,,,,,,,,,150,,,,,,,,,,,,,,,,,,,,,,,,,,1,,,,,,,,,,,,,,,,,,,,,,,100,200,,,,,,,,,
26/03/2006,2006,March,26,Embu,,,,6,4,,,,,,,,,,18,,,,,,,,,,,,,,,,,,,,,,,,,,,,,50,,,200,,,,,,,,,,,,,,,,,,,,,,,,,,,,,,,,,,,,,,,,2,,,,,,,,,60,150,1,,,,,80,,,
23/01/2006,2006,January,23,Embu,,,,,,,,,,,,,,,18,,,,,,,,,,,,,,,,,,,,,,,,,,,,,,,,,,,,,,,,,,,,,,,,,,,,,,,,,,,,,,,,,,,,,,,,,,,,,,,,,,,,,,,,,,,
2/12/06,2006,February,112,Embu,,,,45,26,,,,,2,,,1,1,,18,,,,,,,,,,,,,,,,,,,,,,,,,,,,20,,,220,,,,,,,,,,,,,,1,,,,,,,,,,,,,,,,,,,,,,,,,,,,,,,,,,,70,210,1,,,,,200,,,
2/12/06,2006,February,12,PET,,,,1,1,,,,1,,,11,4,,,,3,,,,,,,,,,,,,,,4,1,,,5,,,,,,,,29,1,,,,,,9,,,,,,,,,,,,,2,,,,,,,,,,,,,,,,,,,,,,,,,,,,,,1,,,,,,,,,119,,,
2/21/06,2006,February,21,Embu,,,,,4,,,,,,,,,,16,,,,,,,,,,,,,,,,,,,,,,,,,,,,,,,,300,,,,,,,,,,,,,,,,,,,,,,,,,,,,,,,,,,,,,,,,,,,,,,,,,200,200,,,,,,,,,
5/20/06,2006,May,20,Embu,,,,,,,,,,,,,,,,,,,,,,,,,,,,,,,,,,,,,,,,,,,,,1,,100,,,,,,,,,,,,,,,,,,,,,,,,,,,,,,,,,,,,,,,,,,,,,,,,,1,,,,,,,,,,
6/6/06,2006,June,6,Embu,,,,,2,,,,,,,,,,,,,,,,,,,,,,,,,,,,,,,,,,,,,,,,5,,70,,,,,,,,,,,,,,,,,,,,,,,,,,,,,,,,,,,,,,,,,,,,,,,,,,,,,,,,,,,
7/30/06,2006,July,30,Embu,,,,24,57,,,,,,,,6,,,,,,,,,,,,,,,,,,,,16,,,6,,,,,,,,18,8,,200,,,,11,,,,,,,,,,,,,2,,,,,,,,,,,,,,,,,,,,,,,2,,,,,,,,,,1,,,,,,56,,,
9/20/06,2006,September,20,Embu,,,,,24,,,,,,,,,,4,,,,,,,,,,,,,,,,,,,,,,,,,,,,,,2,,,,,,,,,,,,,,,,,,,,,,,,,,,,,,,,,,,,,,,,,,,,,,,,,,,,200,1,,,,,,,,
10/21/06,2006,October,21,Embu,,,,,8,,,,,,,1,,,,,,,,,,,,,,,,,,,,,,,,,,,,,,,,,2,,2,,,,,,,,,,,,,,1,,,,,,,,,,,,,,,,,,,,,,,,,,,,,,,,,,,,150,4,,,,,,,,
2/11/07,2007,February,11,Embu,,,,60,2,,,,,,,,4,1,8,25,2,,,,,,,,,,,,,,,,18,,,,,,,,,,,,18,,200,,,,,,,,,,,,,,,4,,,,,,,,,,,,,,,,,,,,,,,,,,,,,,,,,,100,250,2,,,,,,,,
2/12/07,2007,February,12,PET,1,,,3,54,,,,1,,,3,1,,,,7,,,,3,,,,2,,,,,,,38,4,,,2,,,,,,,,142,,,17,,,,10,,,,,,,,,,1,1,,2,,,,,,,,,2,,,,,,,,,,,,,,,,,,,,,,,41,27,7,,,,,58,,,
2/17/07,2007,February,17,Embu,,,,80,,,,,,,,,,,15,,,,,,,,,,,,,,,,,,,,,,,,,,,,,,6,,200,,,,,,,,,,,,,,,,,,,,,,,,,,,,,,,,,,,,,,,,,,,,,,,,,80,250,,,,,,,,,
3/15/07,2007,March,15,Embu,,,,4,,,,,,,,,,,14,,,,,,,,,,,,,,,,,,,,,,,,,,,,,,16,,200,,,,,,,,,,,,,,,,,,,,,,,,,,,,,,,,,,,,,,,,,,,,,,,,,80,180,1,,,,,,,,
4/11/07,2007,April,11,Embu,,,,80,,,,,,,,,,,,,,,,,,,,,,,,,,,,,,,,,,,,,,,,,10,,55,,,,,,,,,,,,,,,,,,,,,,,,,,,,,,,,,,,,,,,,,,,,,,,,,40,20,,,,,,,,,
5/13/07,2007,May,13,Embu,,,,25,,,,,,,,,,,,,,,,,,,,,,,,,,,,,,,,,,,,,,,,4,15,,12,,,,,,,,,,,,,,,,,4,,,,,,,,,,,,,,,,,,,,,,,,,,,,,,,,,,,,,,,,,,
6/11/07,2007,June,11,Embu,,,,45,2,,,,,,,,,,,,,,,,,,,,,,,,,,,,,,,,,,,,,,,4,16,,,,,,2,,,,,,,,,,,,,2,,,,,,,,,,,,,,,,,,,,,,,,,,,,,,,,,,,,,,,,,,
6/11/07,2007,June,11,PET,,,,60,64,1,,6,1,,,,6,,,,,,,,,,,,,,,,,,,4,,,,26,,,,,,,,450,2,,4,,,,32,,,,,,,,,,6,,,,,,,,,,,,,,,,,,,,,,,,,,,,,,,,,,,,,,,,,,,,,
7/10/07,2007,July,10,Embu,,,,30,,,,,,,,,1,,,,,,,,,,,,,,,,,,,,,,,7,,,,,,,,1,20,,,,,,10,,,,,,,,,,,,,1,,,,,,,,,,,,,,,,,,,,,,,,,,,,,,,,,,,,,,,,,,
7/10/07,2007,July,10,PET,,,,105,41,,,3,1,,,,6,,,,,,,,,,,,,,,,,,,4,,,,16,,,,,,,,423,,,,,,,8,,,,,,,,,,32,1,,1,,,,,,,,,,,,,,,,,,,,,,,,,,,,,,,,,,,,,,,,,,
7/21/07,2007,July,21,PET,,,,85,53,,,2,2,,,1,4,1,,,1,,,,,,,,,,,,,,,9,,,,,,,,,,,,245,,,,,,,4,,,,,,,,,,17,,,2,,,,,,,,,,,,,,,,,,,,,,,,,,,,,,,,,,,,,,,,,,
7/31/07,2007,July,31,Embu,,,,10,,,,,,,,,2,1,,4,,,,,,,,,,,,,,,,,,,,4,,,,,,,,4,22,,100,,,,9,,,,,,,,,,,,,1,,,,,,,,,,,,,,,,,,,,,,,,,,,,,,,,,5,,,,,,,,,
8/25/07,2007,August,25,Embu,,,,4,,,,,,,,,2,,,4,,,,,,,,,,,,,,,,,3,,,2,,,,,,,,8,20,,2,,,,,,,,,,,,,,,,,2,,,,,,,,,,,,,,,,,,,,,,,,,,,,,,,,25,10,3,,,,,,,,
8/25/07,2007,August,25,PET,,,,84,36,,,5,2,,,2,2,,,,,,,,,,,,,,,,,,,16,,,,10,,,,,,,,703,,,1,,,,16,,,,,,,,,,15,,,,,,,,,,,,,,,,,,,,,,,,,,,,,,,,,,,,,,,,,,,,,
9/30/07,2007,September,30,Embu,12,,,23,2,,,,,,,,1,1,,,,,,,,,,,,,,,,,,,1,,,2,,,,,,,,18,26,,,,,,6,,,,,,,,,,,,,2,,,,,,,,,,,,,,,,,,,,,,,,,,,,,,,,,2,2,,,,,,,,
9/30/07,2007,September,30,PET,1,1,,41,8,,,1,1,1,,6,5,2,,,1,,,,,,,,,,,,,,,13,,,,9,,,,,,,,617,,,,,,,22,,,,,,,,,,8,,,3,,,,,2,,,,,,,,,,,,,,,,,,,,,,,2,,,,10,2,,,,,,,,,
10/3/07,2007,October,3,PET,1,,,,8,,,,,,,,,,,,,,,,,,,,,,,,,,,37,4,,,,,,,,,,,,,,,,,,,,,,,,,,,,,,,,,,,,,,,,,,,,,,,,,,,,,,,,,,,,,,,,4,1,,,,,,,,
10/6/07,2007,October,6,PET,1,,,,13,,,,,,,,,,,,,,,,,,,,,,,,,,,24,17,,,,,,,,,,,,,,,,,,,,,,,,,,,,,,,,,,,,,,,,,,,,,,,,,,,,,,,,,,,,,,,,8,1,,,,,,,,
10/14/07,2007,October,14,PET,,,,,,,,,,,,,,,,,,,,,,,,,,,,,,,1,,,,,,,,,,,,,,,,,,,,,,,,,,,,,,,,,,,,,,,,,,,,,,,,,,,,,,,,,,,,,,,,,,,,,,,,,,,
10/21/07,2007,October,21,PET,2,,,,,,,,,,,,,,,,,,,,,,,,,,,,,,,,,,,,,,,,,,,,,,,,,,,,,,,,,,,,,,,,,,,,,,,,,,,,,,,,,,,,,,,,,,,,,,,,1,,,,,,,,,
10/28/07,2007,October,28,Embu,2,,,12,3,,,,,,,,6,,1,6,,,,,,,,,,,,,,,,,4,,,,,,,,,,,25,8,,4,,,,6,,,,,,,,,,1,,,2,,,,,,,,,,,,,,,,,,,,,,,,,,,,,,,,75,90,8,,,,,,,,
10/28/07,2007,October,28,PET,1,,,14,12,,,,,,,,2,,,,1,,,,,,,,,,,,,,,17,8,,,3,,,,,,,,,,,,,,,2,,,,,,,,,,5,,,2,,,,,,,,,,,,,,,,,1,2,,,,,,,,,,,,,,,2,,,,,,,,,
11/25/07,2007,November,25,Embu,,,,8,,,,,,,,,2,,5,,,,,,,,,,,,,,,,,,,,,,,,,,,,,15,10,,,,,,12,,,,,,,,,,,,,,,,,,,,,,,,,,,,,,,,,,,,,,,,,,,,,200,35,4,,,,,,,,
11/25/07,2007,November,25,PET,4,,,32,16,,,,,,,,2,,,,2,,,,1,,,,,,,,,,,15,18,,,2,,,,,,,,235,,,,,,,10,,,,,,,,,,6,,,3,,,,,,,,,,,,,,,,,,,,,,,,,,,,,,,,,4,1,,,,,,,,
12/9/07,2007,December,9,Embu,3,,,12,4,,,,,,,,2,1,1,,1,,,,,,,,,,,,,,,,6,,,,,,,,,,,25,7,,,,,,18,,,,,,,,,,,3,,2,,,,,,,,,,,,,,,,,,,,,,,,,,,,,,,,150,35,3,,,,,,,,
12/9/07,2007,December,9,PET,4,,,39,8,,,,,,,4,3,1,,,4,,,,,,,,,,,,,,,20,12,,,2,,,,,,,,134,,,3,,,,21,,,,,,,,,,8,,,,,,,,,,,,,2,,1,,,,,,,,,,,,,,,,,,,,,3,1,,,,,,,,
1/6/08,2008,January,6,Embu,1,,,4,,,,,,,,,3,2,1,4,,,,,,,,,,,,,,,,,,,,,,,,,,,,20,7,,30,,,,18,,,,,,,,,,,6,,1,,,,,,,,,,,,,,,,,,,,,,,,,,,,,,,,70,65,1,,,,,,,,
1/6/08,2008,January,6,PET,10,,,51,41,,,4,,,,2,3,2,,,3,,,,,,,,,,,,,,,10,18,,,5,,,,,,,,325,,,13,,,,30,,,,,,,,,,2,,,,,,,,,,,,,,,,,,,,,1,,,,,,,,,,,,,,3,50,2,,,,,,,,
2/10/08,2008,February,10,PET,,,,2,17,1,,,1,,,1,4,1,,,2,,,,,,,,1,,,,,,,9,50,,,3,,,,,,,,88,,,15,,,,11,,,,,,,,,,7,2,,2,1,,,,,,,,,,,,,,,,,,,,,,,,,,,,,,,10,33,,,,,,27,,,
2/24/08,2008,February,24,Embu,1,,,8,1,,,,,1,,,,1,2,,,,,,,,,,,,,,,,,,2,,,,,,,,,,,6,10,,60,,,,4,,,,,,,,,,,,,4,,,,,,,,,,,,,,,,,,,,,,,,,,,,,,,,15,80,7,,,,,,,,
2/24/08,2008,February,24,PET,1,,,25,16,,,1,2,,,3,3,3,,,4,,,,,,,,,,,,,,2,64,22,,,1,,,,,,,,80,,,37,,,,,,,,,,,,,,3,4,1,,,,,,,,,,,,,,,,,,,,,,,,,,,,,,,,,60,,1,,,,,,,,
3/13/08,2008,March,13,Embu,,,,2,,,,,,,,,,,,,,,,,,,,,,,,,,,,,,,,,,,,,,,,2,7,,35,,,,6,,,,,,,,,,,,,,,,,,,,,,,,,,,,,,,,,,,,,,,,,,,,,50,30,1,,,,,,,,
4/8/08,2008,April,8,Embu,,,,2,,,,,,,,,2,,,8,4,,,,,,,,,,,,,,,,,,,,,,,,,,,,13,,30,,,,4,,,,,,,,,,,,,,,,,,,,,,,,,,,,,,,,,,,,,,,,,,,,,100,6,1,,,,,,,,
4/8/08,2008,April,8,PET,,,,56,180,2,,6,,,,2,2,1,,,,,2,,,,,,,,,,,,2,42,65,,,3,,,,,,,,225,,2,10,,,,11,,,,,,,,,,2,4,,2,,,,,,,,,1,,,,,,,,,,,,,,,,,,,,,,,65,23,1,,,,,,,,
4/12/08,2008,April,12,PET,,,,30,160,3,,16,,,,,3,1,,,3,,,,,,,,,,,,,,10,25,15,,,1,,,,,,,,,,,16,,,,,,,,,,,,,,,,,,,,,,,,,,1,,,,,,,,,,,,,,,,,,,,,,,46,30,,,,,,,,,
4/16/08,2008,April,16,PET,,,,25,72,1,,12,,,,,4,1,,,2,,,,,,,,,,,,,,,8,4,,,1,,,,,,,,186,,,31,,,,,,,,,,,,,,10,,,,,,,,,,,,,,,,,,,,,,,,,,,,,,,,,,,85,45,,,,,,,,,
4/24/08,2008,April,24,Embu,,,,10,,,,,,,,,,,,,,,,,,,,,,,,,,,,,,,,,,,,,,,,,15,,30,,,,15,,,,,,,,,,,,,2,,,,,,,,,,,1,,,,,,,,,,,,,,,,,,,,,,,1,,,,,,,,
5/3/08,2008,May,3,Embu,,,,,,,,,,,,,,1,,8,,,,,,,,,,,,,,,,,,,,,,,,,,,,3,8,,,,,,3,,,,,,,,,,,2,,2,,,,,,,,,,,,,,,,,,,,,,,,,,,,,,,,1,1,,,,,,,,,
5/3/08,2008,May,3,PET,,,,35,70,2,,1,,,,,4,,,,,,,,,,,,,,,,,,,12,4,,,18,,,,,,,,200,,2,2,,,,,,,,,,,,,,8,,,,,,,,,,,,,,,,,,,,,,,,,,,,,,,,,,,,,,,,,,,,,
5/30/08,2008,May,30,Embu,,,,14,,,,,,,,,1,,,,,,,,,,,,,,,,,,,,3,,,,,,,,,,,,17,,45,,,,15,,,,,,,,,,,,,,,,,,,,,,,,,,,,,,,,,,,,,,,,,,,,,,,,,,,,,,,
5/30/08,2008,May,30,PET,,,,40,111,7,,,,,,,1,1,,,1,,,,,,,,,,,,,,,2,25,,,,,,,,,,,370,,,8,,,,14,,,,,,,,,,12,1,,2,,,,,,,,,,,2,,,,,,,,,,,,,,,,,,,,,,,,,,,,,,,
7/20/08,2008,July,20,PET,,,,48,30,,,,3,,,3,1,,,,3,,,,,,,,,,,,,,,1,,,,10,,,,,,,,282,,,11,,,,5,,1,,,,,,,,9,3,,,,,,,,,,,,,,,,,,,,,,,,,,,,,,,,,,,,,,,,,23,,,
8/10/08,2008,August,10,PET,,,,,,,,,,,,,,,,,,,,,,,,,,,,,,,,,,,,,,,,,,,,,,,,,,,,,,,,,,,,,,,,,,,,,,,,,,,,,,,,,,,,,,,,,,,,,,,,,,,,,,,,,,
8/14/08,2008,August,14,Embu,,,,,8,,,,,,,,4,,,,,,,,,,,,,,,,,,,,,,,4,,,,,,,,,8,,70,,,,12,,,,,,,,,,,,,,,,,,,,,,,,,,,,,,,,,,,,,,,,4,,,,,26,,,,,,,,,,
8/14/08,2008,August,14,PET,,,,31,83,,,,2,,,3,2,1,,,,,,,,,,,,,,,,,,8,,,,6,,,,,,,,275,,,10,,,,4,,,,,,,,,,20,,,,,,,,,,,,,,,,,,,,,,,,,,,,,,,,,,,,,,,,,,,,,
9/30/08,2008,September,30,Embu,13,,,23,2,,,,,,,,1,1,,,,,,,,,,,,,,,,,,,1,,,2,,,,,,,,18,25,,,,,,6,4,,,,,,,,,,,,2,,,,,,,,,,,,,,,,,,,,,,,,,,,,,,,,,2,4,,,,,,,,
9/30/08,2008,September,30,PET,,,,41,8,,,1,1,1,,,7,2,,,1,,,,,,,,,,,,,,,13,,,,9,,,,,,,,622,,,,,,,22,,,,,,,,,,1,,,3,,,,,,,,,,,,,,,,,,,,,,,,,,,,,,,,10,2,,,,,,,,,
9/7/08,2008,September,7,Embu,,,,2,,,,,,,,,4,,,,,,,,,,,,,,,,,,,,,,,20,,,,,,,,,8,,,,,,6,,,,,,,,,,,,,,,,,,,,,,,,,,,,,,,,,,,,,,,,,,,,,400,20,2,,,,,,,,
9/7/08,2008,September,7,PET,,,,45,14,,,,,,,,2,,,,4,,,,,,,,,,,,,,,2,,,,10,,,,,,,,290,,,,,,,8,,,,,,,,,,14,,,3,,,,,,,,,,,,,,,,,,,,,,,,,,,,,,,,,,,,,,,,,,
10/4/08,2008,October,4,Embu,2,,,12,,,,,,,,,4,,,5,3,,,,,,2,,,,,,,,,,,,,2,,,,,,,,7,6,,7,,,,8,,,,,,,,,,3,,,2,,,,,,,,,,,,,,,,,,,,,,,,,,,,,,,,450,30,1,,,,,18,,,
10/4/08,2008,October,4,PET,2,,,24,4,,,,1,,,4,1,,,,2,,,,,,,,,,,,,,,8,11,,,4,,,,,,,,251,1,,2,,,,10,,,,,,,,,,7,2,,,,,,,,,,,,,,,,,,,,1,,,,,,,,,,,,,,9,,3,,,,,,,,
10/25/08,2008,October,25,Embu,1,,,,4,,,,,,,,2,,,,,,,,,,,,,,,,,,,,12,,,4,,,,,,,,6,6,,,,,,2,,,,,,,,,,,,,,,,,,,,,,,,,,,,,,,,,,,,,,,,,,,,,300,30,1,,,,,,,,
10/25/08,2008,October,25,PET,,,,15,14,,,,,,,1,2,1,,,,,,,,,,,,,,,,,,8,21,,,,,,,,,,,275,,,3,,,,,,,,,,,,,,,,,2,,,,,,,,,1,,,,,,,,,2,,,,,,,,,,,,,,60,,2,,,,,,,,
11/8/08,2008,November,8,Embu,,,,45,2,,,,,,,,2,1,,,,,,,,,,,,,,,,,,,,,,,,,,,,,,,5,,,,,,4,,,,,,,,,,,,,,,,,,,,,,,,,,,,,,,,,,,,,,,,,,,,,250,25,,,,,,,,,
11/8/08,2008,November,8,PET,1,,,30,8,,,1,,,,2,7,,,,1,,,,,,,,,,,,,,,8,6,,,4,,,,,,,,,,,,,,,9,,,,,,,,,,6,,,,,,,,,,,,,,,,,,,,,1,,,,,,,,,,,,,,2,,,,,,,,,,
12/21/08,2008,December,21,Embu,,,,40,4,,,,,,,,,,,,,,,,,,,,,,,,,,,,,,,,,,,,,,,4,8,,,,,,6,,,,,,,,,,,,,,,,,,,,,,,,,,,,,,,,,,,,,,,,,,,,,15,30,6,,,,,,,,
12/21/08,2008,December,21,PET,,,,10,10,,,5,,,,,,1,,,,,,,,,,,,,,,,,,,4,,,,,,,,,,,80,,,10,,,,8,,,,,,,,,,,,,1,,,,,,,,,,,,,,,,,,2,,,,,,,,,,,,,,65,,,,,,,,,,
1/7/09,2009,January,7,Embu,,,,6,,,,,,,,,,,,,,,,,,,,,,,,,,,,,,,,,,,,,,,,2,6,,1,,,,2,,,,,,,,,,,,,,,,,,,,,,,,,,,,,,,,,,,,,,,,,,,,,25,5,1,,,,,,,,
1/7/09,2009,January,7,PET,1,,,10,10,,,4,,,,1,1,,,,2,,,,,,,,,,,,,,,4,30,,,,,,,,,,,145,,,25,,,,8,,,,,,,,,,2,,,,,,,,,,,,,,,,,,,,,2,,,,,,,,,,,,,,18,,2,,,,,,,,
2/1/09,2009,February,1,PET,,,,5,21,,,,2,,,5,6,,,,2,,,,,,,,,,,,,,,2,4,,,,,,,,,,,49,,,48,,,,4,1,,,,,,,,,8,1,,,,,,,,,,,,,1,,,,,,,2,,,,,,,,1,,,,,,73,6,1,,,,,20,,,
2/7/09,2009,February,7,Embu,,,,,5,,,,,,,,4,2,,,,,,,,,,,,,,,,,,,,,,,,,,,,,,3,6,,4,,,,,,,,,,,,,,1,1,,,,,,,,,,,,,,,,,,,,,,,,,,,,,,,,,,30,30,1,,,,,4,,,
2/7/09,2009,February,7,PET,,,,32,5,,,6,,,,,2,,,,,,,,,,,,,,,,,,,18,35,,,4,,,,,,,,105,,,16,,,,,,,,,,,,,,4,,,,,,,,,,,,,,,,,,,,,,,,,,,,,,,,,,,5,2,1,,,,,,,,
3/1/09,2009,March,1,Embu,,,,28,,,,,,,,,,1,2,,,,,,,,,,,,,,,,,,,,,,,,,,,,,6,8,,,,,,4,,,,,,,,,,,,,2,,,,,,,,,,,,,,,,,,,,,,,,,,,,,,,,30,6,2,,,,,,,,
3/1/09,2009,March,1,PET,,,,30,57,,,24,,,,,2,,,,,,,,,,,,,,,,,,,28,35,,,2,,,,,,,,61,,,11,,,,6,,,,,,,,,,,,,,,,,,,,,,,,,,,,,,,,,,,,,,,,,,,,,32,,,,,,,,,,
4/12/09,2009,April,12,Embu,,,,2,,,,,,,,,,,,,,,,,,,,,,,,,,,,,,,,,,,,,,,,,4,,12,,,,2,,,,,,,,,,,,,,,,,,,,,,,,,,,,,,,,,,,,,,,,,,,,,6,2,,,,,,,,,
4/12/09,2009,April,12,PET,,,,35,110,,,,3,,,,2,1,,,,,,,,,,,,,,,,,2,17,12,,,2,,,,,,,,90,,,44,,,,8,,,,,,,,,,,,,2,,,,,,,,,,,,,,,,,,,,,,,,,,,,,,,,63,,,,,,,,,,
5/9/09,2009,May,9,Embu,,,,8,,,,,,,,,1,,,,,,,,,,,,,,,,,,,,,,,,,,,,,,,,8,,25,,,,,,,,,,,,,,,,,,,,,,,,,,,,,,,,,,,,,,,,,,,,,,,,,,,,,,,,,,,
5/9/09,2009,May,9,PET,,,,40,92,,,15,2,,,2,,,,,2,,,,,,,1,,,,,,,,,6,,,1,,,,,,,,85,,,9,,,,,,,,,,,,,,2,,,,,,,,,,,,,,,,,,,,,,2,,,,,,,,,,,,,,,,,,,,,,,
5/30/09,2009,May,30,Embu,,,,2,,,,,,,,,,,,,,,,,,,,,,,,,,,,,,,,,,,,,,,,4,,,6,,,,,,,,,,,,,,,,,,,,,,,,,,,,,,,,,,,,,,,,,,,,,,,,,,,,,,,,,,,
5/30/09,2009,May,30,PET,,,,25,65,,,1,,,,,,,,,,,,,,,,1,,,,,,,,,25,,,,,,,,,,,90,,,3,,,,,,,,,,,,,,2,,,,,,,,,,,,,,,,,,,,2,,,,,,,,,,,,,,,,,,,,,,,,,
6/14/09,2009,June,14,Embu,,,,,,,,,,,,,,,,,,,,,,,,,,,,,,,,,,,,,,,,,,,,6,6,,25,,,,2,,,,,,,,,,,,,,,,,,,,,,,,,,,,,,,,,,,,,,,,,,,,,,,,,,,,,,,
6/14/09,2009,June,14,PET,,,,30,86,,,,1,,,3,1,,,,2,,,,,,,1,,,,,,,,,25,,,2,,,,,,,,117,,,4,,,,8,,,,,,2,,,,2,7,,2,,,,,,,,,,,,,,,,,,,1,,,,,,,,,,,,,,,,,,,,,,,
7/3/09,2009,July,3,Embu,,,,4,,,,,,,,,1,,,,,,,,,,,,,,,,,,,,,,,,,,,,,,,8,,,21,,,,6,,,,,,,,,,,,,,,,,,,,,,,,,,,,,,,,,,,,,,,,,,,,,,,,,,,,,,,
7/3/09,2009,July,3,PET,,,,70,93,,,,2,,,,1,,,,,,,,,,,1,,,,,,,,,16,,,8,,,,,,,,237,,,3,,,,26,,,,,,,,,,4,,,,,,,,,,,,,,,,,,,,,,1,,,,,,,,,,,,,1,,,,,,,,,,
7/19/09,2009,July,19,PET,,,,35,43,,,,2,,,3,5,,,,3,,,,,,,,,,,,,,,5,7,,,,,,,,,,,78,,,12,,,,7,,,,,,,,,,5,1,,,,,,,,,,,,,,,,,,,,,,,,,,,,,,,,,,,,,,,,,48,,,
8/2/09,2009,August,2,Embu,,,,4,,,,,,,,,,,,6,,,,,,,,,,,,,,,,,,,,2,,,,,,,,6,6,,14,,,,2,,,,,,,,,,,,,,,,,,,,,,,,,,,,,,,,,,,,,,,,,,,,,,,,,,,,,,,
8/2/09,2009,August,2,PET,,,,25,40,,,,2,,,2,,,,,3,,,,,,,,,,,,,,,40,185,,,2,,,,,,,,77,,,4,,,,4,,,,,,,,,,7,,,2,,,,,,,,,,,,,,,,,,,,,,,,,,,,,,,,,,,,,,,,,,
8/23/09,2009,August,23,Embu,,,,4,6,,,,,,,,,,,,,,,,,,,,,,,,,,,,,,,,,,,,,,,6,5,,3,,,,4,,,,,,,,,,,,,,,,,,,,,,,,,,,,,,,,,,,,,,,,,,,,,8,,,,,,,,,,
8/23/09,2009,August,23,PET,,,,26,10,,,,,,,4,,,,,,,,,,,,,,,,,,,,,,,,,,,,,,,,216,,,6,,,,10,1,,,,,,,,,8,,,2,,,,,,,,,,,,,,,,,,2,,,,,,,,,,,,,,,,2,,,,,,,,
9/10/09,2009,September,10,Embu,,,,16,,,,,,,4,,,,,,,,,,,,,,,,,,,,,,,,,,,,,,,,,6,6,,6,,,,,,,,,,,,,,,,,,,,,,,,,,,,,,,,,,,,,,,,,,,,,,,,,120,6,,,,,,,,,
9/10/09,2009,September,10,PET,,,,,2,,,,,,,2,1,,,120,,,,,,,,,,,,,,,,23,8,,,6,,,,,,,,64,,,,,,,12,,,,,,,,,,2,,,,,,,,,,,,,,,,,,,,,2,,,,,,,,,,,,,,,2,,,,,,,,,
9/29/09,2009,September,29,Embu,,,,2,,,,,,,,,,,,,,,,,,,,,,,,,,,,,,,,,,,,1,,,,8,3,,,,,,2,,,,,,,,,,,,,,,,,,,,,,,,,,,,,,,,,,,,,,,,,,,,,80,2,,,,,,,,,
9/29/09,2009,September,29,PET,,1,4,36,13,,,,,,,2,4,,,,2,1,,,,,,,,,,,,,,35,25,,,11,2,,,,,,,166,,,12,,,,32,,,,,,,,1,,8,,,,,,,,,,,,1,,,,,,,,1,2,1,,,,,,,,,,,,,26,1,1,,,4,,,,,
10/25/09,2009,October,25,Embu,1,,,16,2,,,,,,,,,,,,,,,,,,,,,,,,,,,,4,,,,,,,,,,,2,4,,,,,,2,,,,,,,,,,,,,,,,,,,,,,,,,,,,,,,,,,,,,,,,,,,,,100,4,4,,,,,,,,
10/25/09,2009,October,25,PET,6,,,20,12,,,6,2,,,,,,,,4,,,,,,,,,,,,,,2,6,8,,,12,,,,,,,,140,,,4,,,,6,,,,,,,,,,,,,,,,,,,,,,,,,,,,,,,2,,,,,,,,,,,,,,30,,4,,2,,,,,,
11/15/09,2009,November,15,Embu,1,,,,2,,,,,,,,,,,,1,,,,,,,,,,,,,,,,,,,,,,,,,,,12,6,,,,,,6,1,,,,,,,,,,,,2,,,,,,,,,,,,,,,,,,,,,,,2,,,,,,,,,60,6,1,,,,,,,,
11/15/09,2009,November,15,PET,10,,,27,4,,,2,,,,,,,,,2,,,,2,,,,,,,,,,,6,6,,,6,,,,,,,,160,,,12,,,,12,,,,,,,,,,,,,,,,,,,,,,,14,,,,,,,,2,,,,,,,,,,,,,,60,,1,,,,,,,,
11/22/09,2009,November,22,Embu,,,,4,,,,,,,,,,,,,,,,,,,,,,,,,,,,,,,,,,,,,,,,4,,,,,,,2,,,,,,,,,,,,,,,,,,,,,,,,,,,,,,,,,,,,,,,,,,,,,70,12,2,,,,,,,,
11/22/09,2009,November,22,PET,3,1,,52,6,,,2,,,,,1,,,,,,,,,,,,,,,,,,,8,12,,,12,,,,,,,,145,,,4,,,,46,,,,,,,,,,,,,4,,,,,,,,,1,,,,,,,,,2,,,,,,,,,,,,,,,,1,,,,,,,,
12/20/09,2009,December,20,Embu,,,,4,,,,,,,,,,,,,,,,,,,,,,,,,,,,,6,,,,,,,,,,,2,4,,,,,,2,,,,,,,,,,,,,,,,,,,,,,,,,,,,,,,,,,,,,,,,,,,,,30,5,2,,,,,,,,
12/20/09,2009,December,20,PET,1,,,8,6,,,,,,,,8,1,,,2,,,,,,,,,,,,,,,8,,,,8,,,,,,,,79,,,,,,,24,,,,,,,,,,1,,,,,,,,,,,,,,1,,,,,,,3,,,,,,,,,,,,,,,,,,,,,,,,
1/30/10,2010,January,30,Embu,,,,2,2,,,,,,,,,,,,,,,,,,,,,,,,,,,,,,,,,,,,,,,,4,,,,,,,,,,,,,,,,,,,,,,,,,,,,,,,,,,,,,,,,,,,,,,,,,,,40,2,1,,,,,,,,
1/30/10,2010,January,30,PET,,,,,25,,,2,,,,1,6,1,,,3,,,,,,,,,,,,,,,3,7,,,4,,,,,,,,4,,,3,,,,2,,,,,,,,,,4,2,,,,,,,,,,,,,,,,,,,,1,,,,,,,,,,,,,,,2,,,,,,2,,,
3/7/10,2010,March,7,Embu,,,,12,,,,,,,,,,,,,,,,,,,,,,,,,,,,,,,,,,,,,,,,4,,,,,,,2,,,,,,,,,,1,,,,,,,,,,,,,,,,,,,,,,,,,,,,,,,,,,,32,5,5,,,,,,,,
3/7/10,2010,March,7,PET,3,,,,95,,,,,,,,18,5,,,4,,,,,,,,,,,,,,,14,12,,,10,,,,,,,,110,,,,,,,24,,,,,,,,,,16,2,,,,,,,,,,,,,,,,,,,,2,,,,,,,,,,,,,,,,,,,,,,,,
3/27/10,2010,March,27,Embu,,,,,,,,,,,,,,,,,,,,,,,,,,,,,,,,,,,,,,,,,,,,,,,2,,,,,,,,,,,,,,,,,,,,,,,,,,,,,,,,,,,,,,,,,,,,,,,,,4,5,1,,,,,,,,
3/27/10,2010,March,27,PET,1,,,6,103,,,4,1,,,,8,2,,,3,,,,,,,,,,,,,,,29,20,,,2,,,,,,,,97,,,,,,,6,,,,,,,,,,,,,,,,,,,,,,,,,,,,,,,,,,,,,,,,,,,,,5,,,,,,,,,,
4/18/10,2010,April,18,Embu,,,,,,,,,,,,,,,,,,,,,,,,,,,,,,,,,,,,,,,,,,,,,8,,,,,,,,,,,,,,,,,,,,,,,,,,,,,,,,,,,,,,,,,,,,,,,,,,,,,,,,,,,,,
4/18/10,2010,April,18,PET,1,,,6,200,,,2,2,,,,,,,,,,,,,,,,,,,,,,,20,4,,,12,,,,,,,,260,,,12,,,,18,,,,,,,,,,8,,,,,,,,,,,,,,,,,,,,,,,,,,,,,,,,,,,61,,,,,,,,,,
5/29/10,2010,May,29,Embu,,,,8,,,,,,,,,,,,,,,,,,,,,,,,,,,,,,1,,,,,,,,,,,12,,4,,,1,2,,,,,,,,,,,,,,,,,,,,,,,,,,12,,,,,,,,,,,,,,,,,,,,,,,,,,,,,
5/29/10,2010,May,29,PET,,,,46,12,,,,4,,,2,,,,,,,,,,,,,,,,,,,,,4,,,,,,,,,,,160,,,,,,,8,,,,,,,,,,28,2,,,,,,,,,,,,,,,,,,,,1,,,,,,,,,,,,,,,,,,,,,,,,
7/5/10,2010,July,5,PET,,,,33,14,,,,5,,,2,8,,,,2,,,,,,,,,1,,,,,,,3,,,4,,,,,,,,39,,,,,,,3,,,,,,,,,,48,2,,,,,,,,,,,,,,,,,,,,,,,,,,,,,,,,,,,,,,,,,,,,
7/31/10,2010,July,31,Embu,,,,6,,,,,,,,,,,,,,,,,,,,,,,,,,,,,,,,2,,,,,,,,2,14,,3,,,,2,,,,,,,,,,,,,,,,,,,,,,,,,,,,,,,,,,,,3,,,,,,,,,1,,,,,,,,,,
7/31/10,2010,July,31,PET,,,,50,6,,,,,,,,2,,,,2,,,,,,,,,,,,,,,6,4,,,,,,,,,,,125,,,4,,,,,1,,,,,,,,,16,,,,,,,,,,,,,,,,,,,,,,,,,,,,,,,,,,,,,1,,,,,,,,
8/15/10,2010,August,15,Embu,,2,,6,,,,,,,,,1,,,,,,,,,,,,,,,,,,,,,1,,,,,,,,,,6,24,,,,,,4,,,,,,,,,,,,,,,,,,,,,,,,,,,,,,,,,,,,,,,,,,,,,,,,,,,,,,,
9/19/10,2010,September,19,Embu,,,,2,,,,,,,1,,,,,,,,,,,,,,,,,,,,,,,,,,,,,,,,,4,12,,,,,,2,,,,,,,,,,,,,,,,,,,,,,,,,,,,,,,,,,,1,1,,,,,,,,,6,2,1,,,,,,,,
9/19/10,2010,September,19,PET,,,,32,2,,,,,,,2,1,,,,,,,,,,,,,,,,,,,12,,,,2,,,,,,,,65,,,2,,,,4,,,,,,,,,,,1,,,,,,,,,,,,,,,,,,,,,,,,,,,,,,,,,,3,,4,,,,,,,,
10/17/10,2010,October,17,Embu,,,,12,,,,,,,,,,1,,,,,,,,,,,,,,,,,,,,,,,,,,,,,,4,3,,,,,,,,,,,,,,,,,,,,,,,,,,,,,,,2,,,,,,,,,,,,,,,,1,,,,2,1,2,,,,8,,,,
10/17/10,2010,October,17,PET,,,,28,2,,,,1,,,3,,,,,1,,,,1,,,,,,,,,,,26,21,,,6,,,,,,,,180,,,4,,,,8,,,,,,,,,,6,,,2,,,,,,,,,,,1,,,,,,,,,,,,,,,,,,,,,8,,6,,,,,,,,
12/11/10,2010,December,11,Embu,,,,2,,,,,,,,,,,,,,,,,,,,,,,,,,,,,,,,,,,,,,,,4,4,,,,,,2,,,,,,,,,,,,,,,,,,,,,,,,,2,,,,,,,,,,,,,,,,,,,,2,,4,,,,,,,,
12/11/10,2010,December,11,PET,4,,,16,4,,,,,,,,2,1,,,2,,,,,,,,,,,,,,,2,,,,2,,,,,,,,180,,,4,,,,4,,,,,,,,,,,1,,,,,,,,,,,,,,,,,,,,1,,,,,,,,,,,,,,6,2,1,,,,,,,,
1/9/11,2011,January,9,Embu,,,,4,,,,,,,,,1,,,,,,,,,,,,,,,,,,,,,,,,,,,,,,,4,,,,,,,2,,,,,,,,,,,4,,,,,,,,,,,,,,,,,,,,,,,,,,,,,,,,,,4,5,,,,,,,,,
1/9/11,2011,January,9,PET,,,,12,,,,,,,,,4,,,,,,,,,,,,,,,,,,,,,,,2,,,,,,,,60,,,,,,,8,,,,,,,,,,,2,,,,,,,,,,,,,,,,,,,,1,,,,,,,,,,,,,,,,,,,,,,,,
2/5/11,2011,February,5,PET,,,,4,3,,,,1,,,,,1,,,1,,,,,,,,,,,,,,,,14,,,6,,,,,,,,34,,,,,,,10,,,,,,,,,,2,,,,,,,,,,,,,,3,,,,,,,,,,,,3,,,,,,,,,,1,,,,,,15,,,
3/8/11,2011,March,8,Embu,2,,,2,,,,,,,,,1,1,,,,,,,,,,,,,,,,,,,2,,,,,,,,,,,,6,,,,,,6,,,,,,,,,,2,,,,,,,,,,,,,,,,,,,,,,,,,,,,,,4,,,,,12,4,1,,,,,,,,
3/8/11,2011,March,8,PET,10,,,,48,,,2,,,,2,6,2,,,1,,,,,,,,,,,,,,,,12,,,4,,,,,,,,115,,,2,,,,13,,1,,,,,,,,,,,,,,,,,,,,,,,,,,,,,,,,,,,,,,,,,,,20,,2,,,,,,,,
4/10/11,2011,April,10,PET,,,,40,70,,,,,,,2,6,,,,5,,,,,,,,,,,,,,,,2,,,8,,,,,,,,85,,,2,,,,6,,,,,,,,,,,2,,,,,,,,,,,8,,,,,,,,,,,,,,,,,,,,,,,40,,,,,,,,,,
5/19/11,2011,May,19,PET,,,,26,14,,,,,,,,2,,,,,,,,,,,,,,,,,,,,,,,2,,,,,,,,180,,,,,,,18,,,,,,,,,,22,,,2,,,,,,,,,,,,,,,,,,,,,,,,,,,,,,,,,,,,,,,,,,
6/12/11,2011,June,12,PET,,,,22,20,,,,,,,,2,,,,1,,,,,,,,,,,,,,,8,,,,,,,,,,,,120,,,4,,,,8,,,,,,,,,,,,,,,,,,,,,,,,,,,,,,,,,,,,,,,,,,,,,,,,,,,,,,,
8/24/11,2011,August,24,PET,4,,,26,14,,,,,,,6,4,2,,,2,,,,,,,,,,,,,,,6,12,,,33,2,,,,,,,78,,,,,,,16,,,,,,,,,,2,4,,2,,,,,,,,1,1,,,,,,,,,,,,,,,,,,,,,,,4,,1,,,,,,,,
9/25/11,2011,September,25,PET,5,,,8,,,,,,,,,,1,,,,,,,,,,,,,,,,,,8,4,,,4,1,,,,,,,68,,,2,,,,3,,,,,,,,,,4,3,,,,,,,,,,,,,,,,,,,,,,,,,,,,,,,,,,2,6,6,,,,,,,,
11/13/11,2011,November,13,PET,,,,22,,,,,,,,,1,,,,,,,,1,,,,,,,,,,,6,14,,,,,,,,,,,70,,,,,,,9,,,,,,,,,,,,,,,,,,,,,,,,,,,,,,,,,,,,,,,,,,,,,15,2,8,,,,,,,,
1/4/12,2012,January,4,Embu,,,,2,2,,,,,,,,,,,,,,,,,,,,,,,,,,,,,,,,,,,,,,,,2,,7,,,,,,,,,,,,,,,,,,,,,,,,,,,,,,,,,,,,,,,,,,,,,,,,,6,2,4,,,,,,,,
1/4/12,2012,January,4,PET,,,,6,6,,,5,,,,2,2,1,,,1,,,,,,,,,,,,,,,,2,,,4,,,,,,,,45,,,,,,,4,,,,,,,,,,2,,,,,,,,,,,,,,2,,,,,,,,,,,,,,,,,,,,,10,2,1,,,,,,,,
2/4/12,2012,February,4,PET,,,,6,3,,,2,1,,,1,4,1,,,8,,,,,,,,1,,,,,,,,,,,3,,,,,,,,52,,,1,,,,6,,,,,,,,,,4,,,,,,,,,,,,,,5,,,,,,,,,,,,,,,,,,,,,10,,,,,,,2,,,
2/9/12,2012,February,9,Embu,,,,2,,,,,,,,,1,,,,,,,,4,,,,,,,,,,,,,,,,,,,,,,,,3,,6,,,,,,,,,,,,,,,,,,,,,,,,,,,,,,,,,,,,,,,,,,,,,,,,,12,6,4,,,,,,,,
2/9/12,2012,February,9,PET,1,,,6,8,,,2,,,,,2,,,,4,,,,,,,,,,,,,,,,8,,,6,,,,,,,,37,,,10,,,,12,,,,,,,,,,4,,,,,,,,,,,,1,,,,,,,,,3,,,,,,,,,,,,,,5,,,,,,,120,,,
3/18/12,2012,March,18,Embu,,,,,,,,,,,,,,,,,,,,,,,,,,,,,,,,,,,,,,,,,,,,,,,40,,,,4,,,,,,,,,,,,,,,,,,,,,,,,,,,,,,,,,,,,,,,,,,,,,15,,1,,,,,,,,
3/18/12,2012,March,18,PET,,,,12,23,,,,,,,,2,1,,,1,,,,,,,,,,,,,,,2,4,,,8,,,,,,,,25,,,2,,,,6,,,,,,,,,,12,,,,,,,,,,,,,,,,,,,,,,,,,,,,,,,,,,,32,,1,,,,,,,,
4/15/12,2012,April,15,Embu,,,,,,,,,,,,,,,,,,,,,,,,,,,,,,,,,,,,18,,,,,,,,,2,,1,,,,,,,,,,,,,,,,,,,,,,,,,,,,,,,,,,,,,,,,2,,,,,,,,,4,,1,,,,,,,,
4/15/12,2012,April,15,PET,1,,,23,19,,,,,,,,1,1,,,,,,,,,,,,,,,,,,,6,,,,,,,,,,,85,,,,,,,8,,,,,,,,,,1,,,,,,,,,,,,8,,,,,,,,,,,,,,,,,,,,,,,17,6,,,,,,,,,
5/14/12,2012,May,14,Embu,,,,,,,,,,,,,2,,,,,,,,,,,,,,,,,,,,,,,16,,,,,,,,,6,,,,,,2,,,,,,,,,,,,,,,,,,,,6,,,,,,,,,,,,,,,,,,,,,,,,,,,,,,,,,,,
5/14/12,2012,May,14,PET,,,,37,,40,,6,,,,,2,2,,,2,,,,,,,,,,,,,,,2,6,,,4,,,,,,,,115,,,6,,,,,,,,,,,,,,4,,,,,,,,,,,,6,,2,,,,,,,,,,,,,,,,,,,,,,,,,,,,,,,
6/8/12,2012,June,8,PET,,,,50,80,,,4,1,,,,3,,,,,,,,,,,,,,,,,,,12,20,,,,,,,,,,,120,,,,,,,8,,,,,,,,,,6,2,,,,,,,,,,,,,,,,,,,,,,,,,,,,,,,,,,,,,,,,,,,,
30//06/2012,2012,June,30,PET,,,,26,,,,,3,,,2,3,,,,1,,,,,,,,,,,,,,,2,,,,6,,,,,,,,36,,,1,,,,5,,,,,,,,,,26,2,,,,,,,,,,,,,6,,,,,,,,,,,,,,,,,,,,,,,,,,,,2,,,
8/30/12,2012,August,30,PET,4,,,4,6,,,,,,,,,,,,,,,,,,,,,,,,,,,,,,,,,,,,,,,32,1,,16,,,,,,,,,,,,,,,,,,,,,,,,,,,,,,,,,,,,,,,,,,,,,,,,,5,,,,,,,,,,
10/8/12,2012,October,8,PET,1,,,35,,,,,1,,,,6,,,,,,,,,,,,,,,,,,,4,,,,14,,,,,,,,40,,,6,,,,18,,,,,,,,,,30,,,2,,,,,,,,,,,,,,,,,,,,,,,,,,,,,,,,1,,1,,,,,,,,
12/16/12,2012,December,16,PET,,,,6,4,,,,,,,,2,1,,,2,,,,,,,,,,,,,,,,4,,,2,,,,,,,,20,,,,,,,4,,,,,,,,,,30,1,,,,,,,,,,,,,,,,,,,,3,,,,,,,,,,,,,,,,,,,,,,,,
3/24/12,2012,March,24,PET,,,,14,6,,,,,,,2,2,1,,,4,,,,,,,,,,,,,,1,6,8,,,6,,,,,,,,34,,,,,,,7,,,,,,,,,,12,2,,,,,,,,,,,,,,,,,,,,2,,,,,,,,,,,,,,,2,,,,,,,,,
2/2/13,2013,February,2,PET,,,,1,,,,,1,,,1,5,1,,,5,,,,,,,,,,,,,,,,13,,,13,,,,,,,,18,,,4,,,,6,,,,,,,,,,11,1,,1,,,,,,,,,,,1,,,,,,,,,,,,,,,,,,,,,2,1,,,,,,1,,,
7/13/13,2013,July,13,PET,,,,25,,,,,1,,1,3,7,,,,3,5,,,,,,,,,,,,,,,,,,10,,,,,,,,26,,,,,,,5,,1,,,,,,,,33,6,,,,,,,,,,,1,,9,,,,,,,,,,,,,,,,,,,,,,,,,,,,,,,
8/10/13,2013,August,10,PET,,,,6,,,,8,2,,,1,1,,,,2,,,,,,,,,,,,,,,,,,,4,,,,,,,,,,,4,,,,4,,,,,,,,,,6,,,,,,,,,,,,,,,,,,,,,,,,,,,,,,,,,,,,,,,,,,,,,
10/13/13,2013,October,13,Embu,,,,,,,,,,,,,,,,,,,,,,,,,,,,,,,,,,,,2,1,,,,,,,4,,,180,,,,2,,,,,,,,,,,,,,,,,,,,,,,,,,,,,,,,,,,,,,,,,,,,,30,1,2,,,,,,,1,
10/13/13,2013,October,13,PET,,,,22,5,,,,,,,,1,,,,2,,,2,,,,,,,,,,,,6,15,,,3,,,,,,,,33,,,6,,,,5,,,,,,,,,,,,,,,,,,,,,,,,,,,,,,,2,,,1,,,,,,,,,,,12,5,1,,,,,,,1,
11/3/13,2013,November,3,PET,,,,6,,,,,2,,,,2,,,,,,,,,,,,,,,,,,,2,2,,,2,,,,,,,,15,,,2,,,,2,,,,,,,,,,3,,,,,,,,,,,,,,,,,,,,,2,,,,,,,,,,,,,,6,,1,,,,,,,,
12/28/13,2013,December,28,PET,,,,12,,,,,,,,,1,,,,,,,,,,,,,,,,,,,2,,,,,,,,,,,,14,,,,,,,8,,,,,,,,,,6,,,,,,,,,,,,,,,,,,,,,,,,,,,,,,,,,,,,,,,,,,,,,
1/12/14,2014,January,12,Embu,,,,4,,,,,,,,,,,,,,,,,,,,,,,,,,,,,2,,,,,,,,,,,18,1,,6,,,,4,,,,,,,,,,,,,,,,,,,,,,,,,,,,,,,,,,,,,,,,,,,,,,,1,,,,,,,,
1/12/14,2014,January,12,PET,,,,12,6,,,,1,,,,4,1,,,,,,,,,,,,,,,,,,5,4,,,2,,,,,,,,25,,,,,,,6,,,,,,,,,,6,2,,2,,,,,,,,,,,,,,,,,,1,,,,,,,,,,,,,,,,,,,,,,,,
2/2/14,2014,February,2,PET,,,,,,,,,,,,2,3,1,,,3,,,,,,,,1,1,,,,,,,,,,,,,,,,,,10,,,,,,,2,,,,,,,,,,1,,,,,,,,,,,,,,1,,,,,,,,,,,,,,,,,,,,,,,,,,,,3,,,
2/22/14,2014,February,22,Embu,,,,,,,,,,,,,,,,,,,,,,,,,,,,,,,,,,,,2,,,,,,,,8,,,,,,,,,,,,,,,,,,,,,,,,,,,,,,,,,,,,,,,,,,,,,,,,,,,,,,,,,,,400,,,
2/22/14,2014,February,22,PET,,,,12,18,,,,,,,,3,1,,,,,,,2,,,,,,,,,,,4,,,,4,,,,,,,,32,,,,,,,4,,,,,,,,,,,,,,,,,,,,,,,,,,,,,,,,,,,,,,,,,,,,,8,,,,,,,,,,
3/15/14,2014,March,15,Embu,,,,2,12,,,,,,,,,,,,,,,,,,,,,,,,,,,,,,,4,,,,,,,,6,,,80,,,,4,,,,,,,,,,,,,,,,,,,,,,,,,,,,,,,,,,,,1,,,,,,,,,150,20,,,,,,200,,,
3/15/14,2014,March,15,PET,3,,,6,37,,,,,,,,3,1,,,,,,,1,,,,,,,,,,,4,4,,,6,,,,,,,,34,,,12,,,,8,,,,3,,,,,,4,,,,,,,,,,,,,,,,,,,,,,,,,,,,,,,,,,,8,4,,,,,,25,,,
3/30/14,2014,March,30,Embu,,,,2,,,,,,,,,2,,,12,1,,,,,,,,,,,,,,,,,,,6,,,,,,,,12,,,,,,,4,,,,,,,,,,,2,,,,,,,,,,,,,,,,,,,,,,,,,,,,,,,,,,100,6,2,,,,,100,,,
4/13/14,2014,April,13,Embu,,6,,14,3,,,,,,,,2,,,16,,,,,,,,,,,,,180,,,,,,,8,,,,,,,,22,,,260,,,,6,,,,,,,,,,,,,,,,,,,,,,,,,,,,,,,,,,,,2,,,,,,,,,40,,2,,,,,120,,,
4/13/14,2014,April,13,PET,,,,18,45,,,,2,,,2,4,1,,12,2,,,,,,,,,,,,,,,,,,,12,1,,,,,,,48,,,,,,,8,,,,,,,,,,6,,,,,,,,,,,,,,1,,,,,,,,,,,,,,,,,,,,,,,,,,,,,,,
4/20/14,2014,April,20,Embu,,,,6,2,,,,,,,,2,,,6,,,,,,,,,,,,,120,,,,,,,40,,,,,,,1,18,,,335,,,,4,,,,,,,,,,,,,,,,,,,,,,,,,,,,,1,,,,,1,,2,,,,,,,,,12,,1,,,,,60,,,
4/20/14,2014,April,20,PET,,,,,,,,,,,,,,,,,,,,,,,,,,,,,,,,,,,,,,,,,,,,,,,,,,,,,,,,,,,,,,,,,,,,,,,,,,,,,,,,,,,,,,,,,,,,,,,,,,,,,,,,,,
4/27/14,2014,April,27,Embu,,,,8,2,,,,,,,,4,,,6,,,,,,,,,,,,,120,,,,,,,50,,,,,,,,20,10,,200,,,,12,,,,,,,,,,,,,2,,,,,,,,,,,,,,,,,,,,,,,2,,,,,,,,,,,,,,,,80,,,
4/27/14,2014,April,27,PET,,,,,,,,,,,,,,,,,,,,,,,,,,,,,,,,,,,,,,,,,,,,,,,,,,,,,,,,,,,,,,,,,,,,,,,,,,,,,,,,,,,,,,,,,,,,,,,,,,,,,,,,,,
6/15/14,2014,June,15,Embu,,,,35,20,,1,4,,,,,2,1,,6,,,,,,,,,,,,,50,,,,,,,30,,,,,,,,30,,,400,,,,15,1,,,,,,,,,,,,2,,,,,,,,,,,,,,,,,,,,,,,,,,,,,,,,,,,,,,,50,,,
6/15/14,2014,June,15,PET,,,,20,12,,,,,,,1,1,1,,,,,,,,,,,,,,,,,,2,,,,4,1,,,,,,,,,,,,,,6,,,,,,,,,,,,,,,,,,,,,,,,,,,,,,,,,,,,,,,,,,,,,,,,,,,,,,,
7/5/14,2014,July,5,PET,,,,11,3,,,,1,,1,3,3,,,,1,,,,,,,,,,,,,,,,,,,4,,,,,,,,26,,,3,,,,1,,,,,,,,,,26,3,,,,,,,,,,,,,10,,,,,,,,,,,,,,,,,,,,,,,,,,,,4,,,
7/9/14,2014,July,9,Embu,,,,40,4,,,4,,,,,,1,,,,,,,,,50,,,,,,,,,2,,,,15,,,,,,,,120,,,300,,,,6,,,,,,,,,,,,,,,,,,,,,,,,,,,,,,,,,,,,,,,,,,,,,,,1,,,,,180,,,
7/9/14,2014,July,9,PET,,,,40,16,,,,1,,,,,1,,,1,,,,,,,,,,,,,,,2,,,,6,,,,,,,,80,,,2,,,,6,,,,,,,,,,15,1,,,,,,,,,,,,,,,,,1,,,,,,,,,,,,,,,,,,,,,,,,,,,
7/9/14,2014,July,9,Lagoa Branca Flor,,,,25,70,,,,,,,,,,,,,,,,,,,,,,,,,,,,,,,,,,,,,,,40,,,40,,,,,,,,,,,,,,,,,,,,,,,,,,,,,,,,,,,,,,,,,,,,,,,,,,,,,,,,,,,
8/6/14,2014,August,6,Embu,,,,18,,,,,,,,,,,,,,,,,,,35,,,,,,,,,,,,,,,,,,,,,80,,,180,,,,6,,,,,,,,,,,,,,,,,,,,,,,,,,,,,,,,,,,,,,,,,,,,,2,,,,,,,80,,,
8/6/14,2014,August,6,PET,,,,,12,,,,,,,,1,,,20,,,,,,,,,,,,,,,,2,,,,,,,,,,,,50,,,4,,,,4,,,,,,,,,,10,,,,,,,,,,,,,,,,,,,,,,,,,,,,,,,,,,1,,,,,,,,,,,
8/6/14,2014,August,6,Lagoa Branca Flor,,,,,12,,,,,,,,,,,,,,,,,,,,,,,,,,,2,,,,,,,,,,,,20,,,20,,,,4,,,,,,,,,,,,,,,,,,,,,,,,,,,,,,,,,,,,,,,,,,,,,,,,,,,,,,,
8/6/14,2014,August,6,Embu,1,,,30,,,,,,,,,,,,12,,,,,,,,,,,,,,1,,,,,,4,,,,,,,,130,,,80,,,,8,,,,,,,,,,,,,2,,,,,,,,,,,,,,,,,1,,,,,,,,,,,,,,,,,,,,,,90,,,
8/20/14,2014,August,20,Embu,,,,,,,,1,,,,,,,,12,,,,,,,,,,,,,,,,,,,,6,,,,,,,,120,,,40,,,,12,,,,,,,,,,,,,2,,,,,,,,,,,,,1,,,,1,,,,,,,,,,,,,,,,,,,,,,,1,,
9/21/14,2014,September,21,Embu,,,,30,4,,,,,,,,,,,25,,,,,,,,,,,6,,15,,,,2,,,,,,,,,,,80,,,7,,,,,,,,,,,,,,,,,,,,,,,,,,,,,,,,,,,,,,,,,,,,,,,,,,,,,,,1,100,,,
9/28/14,2014,September,28,Embu,2,,,3,,,,2,,,,,,,,4,,,,,,,,,,,,,,,,,2,,,,,,,,,,,50,,,15,,,,,,,,,,,,,,,,,2,,,,,,2,,,,,,,,,,1,,,,,,,,,3,,,,,,,50,,2,,,,2,20,,,
9/28/14,2014,September,28,PET,,,,30,6,,,1,,,,,1,1,,,,,,,,,,,,,,,,,,4,2,,,2,,,,,,,,30,,,4,,,,12,,,,,,,,,,,,,,,,40,,,,,,,,,,,,,,,,,,,,,,,,,,,,,1,,,,,,,25,,,
10/26/14,2014,October,26,Embu,,,,12,2,,,,,,,,,,,,,,,,,,,,,,,,,,,,,,,,,,,,,,,60,,,,,,,6,,,,,,,,,,,,,,,,,,,,,,,,,,,,,,,,,,,,,,,,,,,,,30,,,,,,,,,,
10/26/14,2014,October,26,PET,,,,6,,,,,1,,,2,,,,,,,,,,,,,,,,,,,,,,,,,,,,,,,,,30,,,,,,8,,,,,,,,,,6,,,,,,,,,,,,,,,,,,,,,,,,,,,,,,,,,,,,,3,,,,,,,,
11/30/14,2014,November,30,Embu,,,,4,6,,,,,,,,,,,,,,,,,,,,,,80,,30,,,,,,,,,,,,,,,30,,,20,,,,,,,,,,,,,,,,,2,,,,,,,,,,,,,,,,,,,,,,,2,,,,,,,,,45,,,,,,,6,,,
12/20/14,2014,December,20,Embu,,,,2,,,,,,,,,,,,,,,,,,,,,,,,,38,,,,,,,,,,,,,,,30,2,,170,,,,2,,,,,,,,,,,,,,,,,,,,,,,,,,,,,,,,,,,,2,,,,,,,,,30,,,,,,,35,,,
1/25/15,2015,January,25,Embu,,,,4,,,,,,,,,,,,,,,,,,,,,,,,,75,,,,,,,2,,,,,,,,70,1,,150,,,,6,,,,,,,,,,,,,,,,40,1,,,,,,,,,,,,,,,,,,,6,,,,,,,,,95,,2,,,,,150,,,
1/31/15,2015,January,31,PET,,,,,2,,,,,,1,2,1,1,,,,,,,,,,,,,,,,,6,1,23,,,,,,,,,,,23,,,1,,,,3,,,,,,,,,,,,,,,,,,,,,,,,3,,,,,,,,,,,,,,,,,,,,,,,,,,,,1,,,
2/19/15,2015,February,19,Embu,,,,,,,,,,,,,,,,,,,,,,,,,,,,,25,,,,,,,,,,,,,,,,,,,,,,,,,,,,,,,,,,,,,,,,,,,,,,,,,,,,,,,,,,,,,,,,,,,,,,,,,,20,,,
2/19/15,2015,February,19,PET,,,,,,,,6,,,,,2,1,,,3,,,,,,,,,,,,,,,,,,,,,,,,,,,42,,,,,,,4,,,,,,,,,,6,,,,,,,,,,,,,,,,,,,,,,,,,,,,,,,,,,,,,,,,,,,,,
3/1/15,2015,March,1,Embu,,,,,6,,,,,,,,,,,11,,,,,,,,,,,,,20,,,,,,,,,,,,,,,16,1,,250,,,,3,,,,,,,,,,1,,,,,,,,,,,,,,,,,,,,,,,,,,,,,,,,,,,70,,2,,,,,25,,,
3/15/15,2015,March,15,Embu,,,,,8,3,,,,,,,,,,,,,,,1,,,,,,,,35,,,,7,,,,,,,,,,,90,1,,350,1,,,4,,,,,,,,,,,,,2,,,30,,,,,,,,,,,,,,,,,,,,,,,,,,,,,180,,,,,,,70,,,
4/3/15,2015,April,3,Embu,,,,,,,,,,,,,2,,,,1,,,,2,,,,,,,,120,,,,,,,6,,,,,,,,85,,,280,,,,4,,,,,,,,,,,,,,,,,,,,,,,,,,,,,,4,,,,,,5,,,,,,,,,200,,,,,,,150,,,
5/2/15,2015,March,2,Embu,,,,30,6,,,,,,,,2,,,,,,,,,,6,,,,,,90,,,,,,,,,,,,,,,95,,,300,,,,16,,,,,,,,,,4,,,2,,,,,,,,,,,,,,,,1,,,,,,,,,,,,,,,,,,,,,,,150,,,
6/21/15,2015,June,21,Embu,,,,30,90,,,6,,,,,2,,,50,,,,,,,,,,,,,,,,,,,,6,,,,,,,,20,,,600,,,,40,,,,,,,,,,,,,,,,,,,,,,,,,,,,,,,,,,,,1,,,,,,,,,,,,,,,,200,,,
7/12/15,2015,July,12,Embu,,,,50,60,,,,,,,,,,,,,,,,,,,,,,,,25,,,6,,,,,,,,,,,,40,,,200,,,,12,,,,,,,,,,,,,2,,,,,,,,,,,,,,,,,,,,1,,,,2,,,,,,,,,,,,,,,80,,,
8/11/15,2015,August,11,Embu,,,,15,6,,,,,,,,,,,35,,,,,,1,18,,,,,,16,,,,,,,,,,,,,,,16,,,,,,,12,,,6,,,,,,,,,,,,1,,,,,,,,,,,1,,,,,,,2,,,,2,,,,,,,,2,,,,,,,80,,,4
9/5/15,2015,September,5,Embu,,,,60,2,,,2,,,,,1,,,18,,,,,,,,,,,,4,150,,,,,,,1,,,,,,,,110,2,,120,,,,18,,,,,,,,,,,,,2,,,,,,,,,,,,,,,,,,,,,,,,,,,,,,,,60,,3,,,,,180,,,
9/26/15,2015,September,26,Embu,,,,6,35,,,,,,,,,,,,,,,,,,,,,,,,,,,,6,,,,,,,,,,,40,,,120,,,,8,,,,,,,,,,,,,,,,,,,,,,,,,,,,,,,,,,,,,,,,,,,,,45,,1,,,,,140,,,
10/24/15,2015,October,24,Embu,,,,,12,,,,,,,,,,,20,,,,,,,,,,,,,50,,,,,,,,,,,,,,,65,,,250,,,,12,,,,,,,,,,,,,,,,,,,,,,,,,,,,,,,,,,,,3,,,,,,,,,80,,,,,,1,50,,,
11/22/15,2015,November,22,Embu,,,,6,30,,,,,,,,4,,,,,,,,,,,,,,,,,,,,,,,12,,,,,,,,50,,,250,,,,4,,,2,,,,,,,,,,,,,,,,,,,,,,,,,,,,,,,,,,,,,,,,,,25,,2,,,,2,,,,
12/25/15,2015,December,25,Embu,,,,6,6,,,2,,,,,,,,,,,,,,,,,,,,,42,,,,,,,,,,,,,,,18,,,200,,,,6,,,,,,,,,,,,,,,,,,,,,,,,,,,,,,,,,,,,,,,,,,,,,45,,2,,,,2,160,,,
1/24/16,2016,January,24,Embu,,20,,35,40,,,,,,,,4,1,,,,,,,,,,,,,,,35,,,,,,,25,,,,,,6,,42,,,85,,,,12,,,,,,,,,,1,,,,,,,,,,,,,,,,,,,,,,,,,,,,,,,1,,,,120,,1,,,,6,110,,,
1/30/16,2016,January,30,PET,,,,10,,,,,1,,,2,1,,,,5,,,,,,,,1,1,,,,,,,21,,,1,,,,,,,,24,,,2,,,,5,,,,2,,,,,,3,,,1,,,,,,,,,,,1,,,,,,,,,,,,5,,,,,,,,,,,,,,,,41,,,
2/28/16,2016,February,28,Embu,,,,,4,,,,,,,,1,,,,,,,,,,,,,,,,40,,,,,,,1,,,,,,,,35,,,250,,,,,,,,,,,,,,,,,,,,,,,,,,,,,,,,,,,,,,,,,,,,,,1,,,130,,1,,,,,85,,,
4/16/16,2016,April,16,Embu,,,,6,,,,8,,,,,1,,,,,,,,,,,,,,,,300,,,,,,,12,,,,,,,,,5,,200,,,,,,,,,,,,,,,,,,,,,,,,,,,,,,,,,,,,,,,,,,,,,,,,,,,,,,,,80,,,
5/25/16,2016,May,25,Embu,,,,,,,,2,,,,,4,,,18,,,,,,,,,,,,,60,,,,,,1,12,,,,,,,,18,,,165,,,,,,,,,,,,,,,,,2,,,,,,,,,,,,,,,,,,,,,,,,,,,,,,,,,,,,,,,35,,,
6/26/16,2016,June,26,Embu,,,,,2,,,2,,,,,2,,,,,,,,,,,,,,,,80,,,,,,,12,,1,,,,,,18,,,105,,,,,,,,,,,,,,,,,2,,,,,,,,,,,,,1,,,,,,,,,,,,,,,,,,,,,,,,,,200,,,
7/24/16,2016,July,24,Embu,,,,,,,,,,,,,1,,,,,,,,,,,,,,,,200,,,,,,,2,,,,,,,,30,,,180,,,,2,,,,,,,,,,,,,,,,,,,,,,,,,,18,1,,,,,,,,10,,,,,,,,,,,,,,,,,,,,
8/14/16,2016,August,14,Embu,,,,,,,,,,,,,,,,,,,,,,,,,,,,,25,,,,,,,,,,,,,,,,,,80,,,,,,,,,,,,,,,,,,,,,,,,,,,,,,,1,,,,,,,,,,1,,,8,,,,,,,,,,,,,,,
8/25/16,2016,August,25,Embu,,,,,,,,,,,,,,,,,,,,,,,,,,,,,40,,,,,,,,,,,,,,,,,,70,,,,,,,,,,,1,,,,,,,,,,,,,,,,,,,,,,,,,,,,,,,,,,,,,,60,,2,,,,,,,,
10/30/16,2016,October,30,Embu,,,,2,6,,,2,,,,,,,,30,,,,,,,,,,,,,200,,,,,,,20,,,,,,,,12,,,40,,,,,,,,,,,,,,,,,,,,,1,,,,,,,,,,,,,,,,,,,,,,,,,,,,30,,2,2,,,2,,,,
11/27/16,2016,November,27,Embu,,,,2,4,,,,,,,,2,,,30,,,,,,,,,,,,,20,,,,,,,,,,,,,,,35,,,215,,,,2,,,,,4,,,,,,,,,,,,,,,,,,,,,,,,1,,,,,,,,,,,,,,,,25,,,,,,2,50,,,
1/2/17,2017,January,2,Embu,,,,2,2,,,,,,,,,,,,,,,,,,,,,,,,25,,,,,,,6,,,,,,,,30,5,,50,,,,2,,,,,,,,,,,,,,,,,,,,,,,,,,,,,,,,,,,,,,,,,,,,,35,,1,,,,1,,,,
1/21/17,2017,January,21,Embu,,,,6,12,,,2,,,,,2,,,,,,,,2,,,,,,,,80,,,,,,,,,,,,,2,,25,,,90,,,,2,,,1,,,,,,2,,,,2,,,,,,,,,,,,,,,,,,,,,,,,,,,,,,,,70,,1,,,,,,,,
2/4/17,2017,February,4,PET,,,,12,,,,,1,,,,3,,,,7,,,,,,,,,,,,,,,,,,,1,,,,,,,,15,,,,,,,13,,,,,,,,,,3,1,,,,,,,,,,,,,1,,,,,,,,,,,,,,,,,,,,,,,,,,,,,,,
2/27/17,2017,February,27,Embu,,,,2,40,,,4,,,,,2,,,12,,,,,,,,,,,,,120,,,2,,,,4,,,,,,,5,35,4,,400,,,,4,,,,1,,,,,,,,,2,,,,,,,,,,,,,,,,,,,,,,,,,,,,,,,,120,,5,,,,,,,,
3/29/17,2017,March,29,Embu,,,,,50,,,,,,,,,,,40,,,,,,,,,,,,,,,,,,,,,,,,,,,1,25,,,400,,,,2,,,,,,,,,,,,,2,,,,,,5,,,,,,,,,,,,,,1,,,,,,,,,,,,70,,2,,,,,,,,
4/21/17,2017,April,21,Embu,,,,,100,,,12,,,,,,,,,,,,,,,,,,,,,,,,,,,,,,,,,,,,15,,,450,,,,2,,,,,,,,,,,,,,,,,,,,,,,,,,,,,,,,,,,,,,,,,,,,,20,,,,,,,,,,
5/27/17,2017,May,27,Embu,,,,15,50,,,8,,,,,2,,,,,,,,,,,,,,,,60,,,,,,,12,,,,,,,,25,2,,503,,,,6,,,,,,,,,,,,,,,,,,,2,,,,,,,,1,,,,,,,,,,,,,,,,,,,,,,,,,,,,
6/24/17,2017,June,24,Embu,,,,4,35,,,,,,,,,,,25,,,,,,,,,,,,,200,,,,,,,50,,,,,,,,40,1,,350,,,,2,,,,,,,,,,,,,1,,,,,,,,,,,,,,,,,,,,,,,,,,,,,,,,,,,,,,,200,,,
7/2/17,2017,July,2,PET,,,,13,,,,,5,,,,3,,,,1,2,,,,,,,,,,,,,,,6,,,8,,,,,,,,25,,,,,,,1,,,,,,,,,,24,2,,,,,,,,,,,,,4,,,,,,,,,,,,,,,,,,,,1,,,,,,,,14,,,
7/28/17,2017,July,28,Embu,,,,,40,,,,,,,,,,,,,,,,,,,,,,,,30,,,,,,,35,,,,,,,,25,,,150,,,,2,,,,,,,,,,,,,,,,,,,,,,,,,,,,,,,,,,,,,,,,,,,,,,,,,,,,40,,,
8/13/17,2017,August,13,Embu,,,,4,60,,,,,,,,1,,,,,,,,,,,,,,20,,,,,,,,1,12,,,,,,,,50,,,80,,,,4,,,,,,,,,,,,,2,,,,1,,,,,,,,,,,,,,,,,,,,,,,,,,,,5,,,,,,,110,1,,
9/24/17,2017,September,24,Embu,,,,12,45,,,4, ,,,,,,,25,,,,,,,,,,,,,100,,,,,,,,,,,,,,1,35,3,,45,,,,,,,,,,,,1,,,,,,,,,,,,,,,,,,,,,,,,,1,,,,,,,6,,,,,120,,2,,,,,100,,,
10/12/17,2017,October,12,Embu,,,,20,60,,,12,,,,,,,,,,,,,,,,,,,70,,120,,,,,1,,,,,,,,,4,40,2,,35,,,,4,,,,,,,1,,,,,,,,,,,,,,,,,,,,,,,,,,,,,,,,,2,,1,,,120,,1,,,,,100,,,
11/11/17,2017,November,11,Embu,,,,35,50,,,12,,,,,1,,,,,,,,1,,,,,,,,50,,,6,8,,,,,,,,,,,30,1,,70,,1,,6,,,,,2,,,,,,2,,2,,,,,,5,,,,,,,,,,1,,,,,,,,,,,6,,,,1,150,,4,,,2,2,,,,
12/9/17,2017,December,9,Embu,,,,30,60,,,12,,,,,,,,,,,,,,,,,,,,,50,,,,2,,,,,,,,,,,30,,,350,,,,4,,,,1,,,,,,,,,2,,,,,,1,,,,,,,,,,,,,,1,,,,,,,,,,,,150,,12,,,,,60,,,
1/14/18,2018,January,14,Embu,,,,12,6,,,6,,,,,1,1,,8,,,,,,,,,,,,,40,,,,4,,,1,,1,1,,,,4,15,1,,630,,,,,,,,,,,,,,1,,,2,,,,,,,,,,,,,,,,,,,,,,,,,,,,,,,,100,,8,,,,6,30,,,
2/3/18,2018,February,3,PET,,,,2,,,,,,,,,3,,,,1,,,,,,,,,,,,,,,,,,,,,,,,,,,9,,,,,,,3,,,,,,,,,,2,,,1,,,,,,,,,,,,,,,,,,,,,,,,,,,,,,,,,,,,,,,8,,,
2/4/18,2018,February,4,Embu,,,,4,40,,,2,,,,,,,,,,,,,,,,,,,,,50,,,,,,,,,,,,,,,12,3,,630,,,,2,,,,,,,,,,,,,,,,,,,1,,,,,,,,,,1,,,,,,,,,,,,,,,,120,,2,,,,,80,,,
2/24/18,2018,February,24,Embu,,,,8,50,,,15,,,,,,,,,,,,,3,,,,,,,,80,,,,,,,,,,,,,,,5,6,,500,,,,1,,,,,,,,,,,,,,,,,,,2,,,,,,,,,,,,,,,,,,,,,,,,,,31,,11,,,,,50,,,
3/11/18,2018,March,11,Embu,,,,6,30,,,,,,,,,,,2,,,,,,,,,,,,,50,,,,,,,,,,,,,,,6,2,,700,,,,2,,,,,,,,,,,,,,,,,,,,,,,,,,,,,,,,,,,,3,,,,,,,,,110,,2,,,,,60,,,
3/30/18,2018,March,30,Embu,,,,,8,,,,,,,,,,,10,,,,,,,,,,,,,30,,,,,,,,,,,,1,,1,4,1,,600,,,,1,,,,,,,,,,,,,2,,,,,,,,,,,,,2,,,,,,,,,,1,,,,,,,,,40,1,,,,,,30,,,
4/14/18,2018,April,14,Embu,,,,,50,,,4,,,,,,,,16,,,,,,,,,,,,,20,,,,,,,2,,,,,,,1,6,,,600,,,,2,,,,,,,,,,,,,,,,,,,,,,,,,,,,,,,,,,,,,,,,,,,,,10,,,,,,,30,,,
4/28/18,2018,April,28,Embu,,,,2,120,,,12,,,,,,,,,,,,,,,,,,,,,50,,,,,,,,,,,,,,,6,1,,600,,,,2,,,,,,,,,,,,,,,,,,,,,,,,,,,,,,,,,,,,,,,,,,,,,,,,,,,,,,,
5/27/18,2018,May,27,Embu,,,,8,120,,,,,,,,,,,,,,,,,,,,,,,,40,,,,,,,,,,,,,,,18,3,,600,,,,2,,,,,,,,,,,,,,,,,,,8,,,,,,,,,,,,,,,,,,,,,,,,,,1,,,,,,,,,,
7/9/18,2018,July,9,Embu,,,,50,120,,,3,,,,,,,,2,,,,,,,,,,,,,30,,,,,,1,,,,,,,,,50,4,,600,,,,6,,,,3,,,,,,,,,2,,,,,,,,,,,,,,,,,,,,,,,,,,,,,,,,,,,,,,,,,,
7/14/18,2018,July,14,PET,,,,6,,,,,1,,,,1,,,,1,,,,,,,,,,,,,,,,,,,1,,,,,,,,4,,,,,,,,,,,,,,,,,3,,,,,,,,,,,,,,,,,,,,,,,,,,,,,,,,,,,,,,,,,,6,,,
7/27/18,2018,July,27,Embu,,,,25,40,,,2,,,,,,,,,,,,,,,,,,,,,30,,,,,,,8,,,,,,,,45,3,,450,,,,3,,,,,,,,,,,,,,,,,,,,,,,,,,1,,,,,,,,,,,,,,1,,,,,,,,,,,,,,,
8/18/18,2018,August,18,Embu,,,,12,50,,,2,,,,,,,,5,,,,,,,,,,,,,25,,,,,,,25,,,,,,,,25,3,,450,,,,5,,,,,,,,,,,,,2,,,,,,,,,,,,,,,,,,,,,,,,,,,1,,,,,,,,,,,,50,,,
9/3/18,2018,September,3,Embu,,,,6,12,,,2,,,,,2,,,,,,,,,,,,,,,,25,,,,,,,2,,,1,,,,2,25,4,,350,,1,,4,,,,,,,,,,,,,2,,,,,,,,,,,,,,1,,,,,,,,,,,,,4,,,,,30,,,,,,2,,,,
10/14/18,2018,October,14,Embu,,,,2,30,,,2,,,,,,,,20,1,,,,1,,,,,,,,40,,,,,,,6,,,,,,,,18,,,350,,,,4,,,,,,,,,,,,,2,,,,,,1,,,,,,,,,,,,,,,,,,,,,4,,,,,100,,2,,,,,,,,
11/15/18,2018,November,15,Embu,,,,6,4,,,1,,,,,,,,4,1,,,,,,,,,,,,40,,,,1,,,24,,,,,,,,18,1,,300,,,,4,,,,,,,,,,,,,1,,,,,,7,,,,,,,,,,,,,,,,,,,,,,,,,,100,,,,,,,30,,,
12/16/18,2018,December,16,Embu,,,,8,3,,,,,,,,1,,,6,,,,,,,,,,,,,46,,,,,,,2,,,,,2,,,4,6,,250,,,,2,,,,,,,,,,,,,,,,,,,,,,,,,,,,,,,,,,,,,,,,,,,,,46,,2,,,,,48,,,
1/13/19,2019,January,13,Embu,,,,6,22,,,,,,,,,,,3,,,,,,,,,,,,,3,,,,6,,,,,,,,,,,6,2,,300,,,,,,,,,,,,,,,1,,2,,,,,,15,,,,,,,,,,,,,,,,,2,,,,,,,,,80,,3,,,,,30,,,
2/23/19,2019,February,23,Embu,,,,2,17,,,18,,,,,1,,,6,,,,,,,,,,,,,,,,,1,,,,,,,,,,,20,2,,380,,,,2,,,,,,,,,,,,,,,,,,,27,,,,,,,,,,,,,,,,,,,,,,,,,,60,,2,,,,,120,,,
3/17/19,2019,March,17,Embu,,,,2,35,,,,,,,,5,,,34,,1,,,,,18,,,,,,48,,,,,,,,,,,,,,2,6,,,500,,,,4,,,,,,,,,,,,,2,,,18,,,30,,,,,,,,,,,,,,,,,,,,,,,,,,110,,1,,,,,95,,,
3/23/19,2019,March,23,PET,,,,,,,,,1,,,,,1,,,1,,,,,,,,,,,,,,,,,,,,,,,,,,,5,,,,,,,,,,,,,,,,,1,,,,,,,,,,,,,,,,,,,,,,,,,,,,,,,,,,,,,,,,,,,,,
4/29/19,2019,April,29,Embu,,,,4,12,,,12,,,,,2,,,40,,,,,,,28,,,,,,150,,,,,,,15,,,,,,,,6,1,,1500,,,,4,,,,,,,,,,,,,,,,25,,,4,,,,,,,,,,,,,,,,,,,,,,,,,,,,,,,,,150,,,
2/7/21,2021,February,7,Embu,,,,8,12,,,3,,,1,,8,1,,35,4,,,,,,,,,,,,120,,,,2,,,12,,,,,,,4,8,3,,500,,,,4,,,,5,,,,,,1,,,2,,,,,,78,,,,,,,11,,,,,,,,,,,,,,,,,,,63,,3,,,,,12,,,
7/3/21,2021,July,3,Embu,,,,35,22,,,4,,,,,1,,,2,2,,,,,,,,,,,,50,,,,,,,6,,,,,,,,20,4,,120,,,,2,,,,5,,,,,,,,,4,,,,,,42,,,,,,,,,,,,,,,,,,,,,,,,,,,,,,,,,110,,,
2/19/22,2022,February,19,Embu,,,,2,,8,80,8,,,,,2,,,70,,,,,,,14,,,,,,130,,,,,,,12,,,,,,,,3,5,,650,,,,,2,,,,,,,,,,,,2,,,22,,,22,,,,,,,,,,,,,,,,,,,,,,,1,,,120,,3,,,,,70,,,
7/6/22,2022,July,6,Embu,,,,12,18,,,2,,,,,,,,12,,,,,,,,,,,,,70,,,,,,,2,,,,,,,,2,3,,53,,,,3,,,,,,,,,,,,,2,,,,,,55,,,,,,,60,,,,,,,,,,,,,,,,,,,,,,,,,,85,,,
2/17/23,2023,February,17,Embu,,,,12,32,,,4,,,,,2,,,78,4,,,,,,,,,,,,75,,,,,,,,,,,,,,,2,2,,520,,,,2,2,,,2,,,,,,,,,2,,,,,,56,,,,,,,,,,,,,,,,,,,,,,,,,,155,,2,,,,,68,,,
7/3/23,2023,July,3,Embu,,,,21,18,,,,,,,,1,,,4,,,,,,,,,,,,,80,,,,,,,1,,,,,,,,4,6,,75,,,,4,,,,,,,,,,,,,2,,,,,,45,,,,,,,,,,,1,,,,,,,,,,,,,,,,,,,,,,56,,,
2/10/24,2024,February,10,Embu,,,,12,18,3,,27,,,,,1,,,25,2,,,,,,7,,,,,,75,,,3,2,,,6,,,,,,,,4,2,,400,,,,6,,,,4,,,,,,,,,4,,,70,,,52,,,,,,,,,,,,,,,,,,,,,,,,,,60,,1,,,,,82,,,
7/6/24,2024,July,6,Embu,,,,20,3,,,2,,,,,1,,,6,,,,,,,,,,,,,105,,,,,,,1,,,,,,,1,75,4,,6,,,,2,,,,,,,,,,,,,2,,,,,,42,,,,,,,,,,,,,,,,,,,,,,,,,,,,,,,,,52,,,
,,,,,,,,,,,,,,,,,,,,,,,,,,,,,,,,,,,,,,,,,,,,,,,,,,,,,,,,,,,,,,,,,,,,,,,,,,,,,,,,,,,,,,,,,,,,,,,,,,,,,,,,,,,,,,